"temp","temp_squared"
0.0127183478281037,-0.000487090260040218
